h,Nombre d’éléments,Degré de liberté ,Nombre d’itération ,Temps d’exécution ,Temps relatif ,Tolerance ,Degré polynomiale 
0.1,228,288,12,0.0419562,1,0.00000001,P1
0.05,1005,1047,15,0.0721058,1.7185970131,0.00000001,P1
0.025,6282,5085,14,0.319921,4.4368275506,0.00000001,P1
0.0125,47798,30210,21,2.75821,8.6215346914,0.00000001,P1
0.00625,377188,206937,39,30.7569,11.1510363605,0.00000001,P1
